ContainerDetail.html?ContainerID=131,Alaska,2014,
ContainerDetail.html?ContainerID=102,Alabama,2017,
ContainerDetail.html?ContainerID=106,Arkansas,2014,
ContainerDetail.html?ContainerID=200,Arizona,2014,
ContainerDetail.html?ContainerID=204,California,2014,
ContainerDetail.html?ContainerID=110,Colorado,2014,
ContainerDetail.html?ContainerID=192,Delaware,2016,
ContainerDetail.html?ContainerID=213,Florida,2014,
ContainerDetail.html?ContainerID=114,Georgia,2014,
ContainerDetail.html?ContainerID=217,Hawaii,2014,
ContainerDetail.html?ContainerID=118,Iowa,2014,
ContainerDetail.html?ContainerID=196,Idaho,2014,
ContainerDetail.html?ContainerID=92,Illinois,2014,
ContainerDetail.html?ContainerID=221,Indiana,2016,
ContainerDetail.html?ContainerID=230,Kansas,2014,
ContainerDetail.html?ContainerID=183,Kentucky,2015,
ContainerDetail.html?ContainerID=135,Louisiana,2015,
ContainerDetail.html?ContainerID=238,Massachusetts,2014,
ContainerDetail.html?ContainerID=234,Maryland,2014,
ContainerDetail.html?ContainerID=139,Maine,2014,
ContainerDetail.html?ContainerID=242,Michigan,2014,
ContainerDetail.html?ContainerID=143,Minnesota,2014,
ContainerDetail.html?ContainerID=147,Missouri,2016,
ContainerDetail.html?ContainerID=246,Mississippi,2015,
ContainerDetail.html?ContainerID=151,Montana,2016,
ContainerDetail.html?ContainerID=159,North Carolina,2016,
ContainerDetail.html?ContainerID=262,North Dakota,2016,
ContainerDetail.html?ContainerID=250,Nebraska,2014,
ContainerDetail.html?ContainerID=155,New Hampshire,2016,
ContainerDetail.html?ContainerID=127,New Jersey,2013,
ContainerDetail.html?ContainerID=187,New Mexico,2014,
ContainerDetail.html?ContainerID=254,Nevada,2014,
ContainerDetail.html?ContainerID=266,Ohio,2014,
ContainerDetail.html?ContainerID=179,Oklahoma,2014,
ContainerDetail.html?ContainerID=163,Oregon,2016,
ContainerDetail.html?ContainerID=270,Pennsylvania,2014,
ContainerDetail.html?ContainerID=274,Rhode Island,2014,
ContainerDetail.html?ContainerID=175,South Dakota,2014,
ContainerDetail.html?ContainerID=171,Tennessee,2014,
ContainerDetail.html?ContainerID=122,Texas,2014,
ContainerDetail.html?ContainerID=278,Utah,2016,
ContainerDetail.html?ContainerID=286,Virginia,2013,
ContainerDetail.html?ContainerID=282,Vermont,2016,
ContainerDetail.html?ContainerID=290,Washington,2016,
ContainerDetail.html?ContainerID=298,Wisconsin,2014,
ContainerDetail.html?ContainerID=294,West Virginia,2016,
ContainerDetail.html?ContainerID=302,Wyoming,2014,
ContainerDetail.html?ContainerID=208,Connecticut,2014,x
ContainerDetail.html?ContainerID=258,New York,2014,x
ContainerDetail.html?ContainerID=167,South Carolina,2017,x